--
-- PostgreSQL database dump
--

-- Dumped from database version 16.9 (Debian 16.9-1.pgdg120+1)
-- Dumped by pg_dump version 16.9 (Debian 16.9-1.pgdg120+1)

SET statement_timeout = 0;
SET lock_timeout = 0;
SET idle_in_transaction_session_timeout = 0;
SET client_encoding = 'UTF8';
SET standard_conforming_strings = on;
SELECT pg_catalog.set_config('search_path', '', false);
SET check_function_bodies = false;
SET xmloption = content;
SET client_min_messages = warning;
SET row_security = off;

SET default_tablespace = '';

SET default_table_access_method = heap;

--
-- Name: auth_group; Type: TABLE; Schema: public; Owner: user
--

CREATE TABLE public.auth_group (
    id integer NOT NULL,
    name character varying(150) NOT NULL
);


ALTER TABLE public.auth_group OWNER TO "user";

--
-- Name: auth_group_id_seq; Type: SEQUENCE; Schema: public; Owner: user
--

ALTER TABLE public.auth_group ALTER COLUMN id ADD GENERATED BY DEFAULT AS IDENTITY (
    SEQUENCE NAME public.auth_group_id_seq
    START WITH 1
    INCREMENT BY 1
    NO MINVALUE
    NO MAXVALUE
    CACHE 1
);


--
-- Name: auth_group_permissions; Type: TABLE; Schema: public; Owner: user
--

CREATE TABLE public.auth_group_permissions (
    id bigint NOT NULL,
    group_id integer NOT NULL,
    permission_id integer NOT NULL
);


ALTER TABLE public.auth_group_permissions OWNER TO "user";

--
-- Name: auth_group_permissions_id_seq; Type: SEQUENCE; Schema: public; Owner: user
--

ALTER TABLE public.auth_group_permissions ALTER COLUMN id ADD GENERATED BY DEFAULT AS IDENTITY (
    SEQUENCE NAME public.auth_group_permissions_id_seq
    START WITH 1
    INCREMENT BY 1
    NO MINVALUE
    NO MAXVALUE
    CACHE 1
);


--
-- Name: auth_permission; Type: TABLE; Schema: public; Owner: user
--

CREATE TABLE public.auth_permission (
    id integer NOT NULL,
    name character varying(255) NOT NULL,
    content_type_id integer NOT NULL,
    codename character varying(100) NOT NULL
);


ALTER TABLE public.auth_permission OWNER TO "user";

--
-- Name: auth_permission_id_seq; Type: SEQUENCE; Schema: public; Owner: user
--

ALTER TABLE public.auth_permission ALTER COLUMN id ADD GENERATED BY DEFAULT AS IDENTITY (
    SEQUENCE NAME public.auth_permission_id_seq
    START WITH 1
    INCREMENT BY 1
    NO MINVALUE
    NO MAXVALUE
    CACHE 1
);


--
-- Name: auth_user; Type: TABLE; Schema: public; Owner: user
--

CREATE TABLE public.auth_user (
    id integer NOT NULL,
    password character varying(128) NOT NULL,
    last_login timestamp with time zone,
    is_superuser boolean NOT NULL,
    username character varying(150) NOT NULL,
    first_name character varying(150) NOT NULL,
    last_name character varying(150) NOT NULL,
    email character varying(254) NOT NULL,
    is_staff boolean NOT NULL,
    is_active boolean NOT NULL,
    date_joined timestamp with time zone NOT NULL
);


ALTER TABLE public.auth_user OWNER TO "user";

--
-- Name: auth_user_groups; Type: TABLE; Schema: public; Owner: user
--

CREATE TABLE public.auth_user_groups (
    id bigint NOT NULL,
    user_id integer NOT NULL,
    group_id integer NOT NULL
);


ALTER TABLE public.auth_user_groups OWNER TO "user";

--
-- Name: auth_user_groups_id_seq; Type: SEQUENCE; Schema: public; Owner: user
--

ALTER TABLE public.auth_user_groups ALTER COLUMN id ADD GENERATED BY DEFAULT AS IDENTITY (
    SEQUENCE NAME public.auth_user_groups_id_seq
    START WITH 1
    INCREMENT BY 1
    NO MINVALUE
    NO MAXVALUE
    CACHE 1
);


--
-- Name: auth_user_id_seq; Type: SEQUENCE; Schema: public; Owner: user
--

ALTER TABLE public.auth_user ALTER COLUMN id ADD GENERATED BY DEFAULT AS IDENTITY (
    SEQUENCE NAME public.auth_user_id_seq
    START WITH 1
    INCREMENT BY 1
    NO MINVALUE
    NO MAXVALUE
    CACHE 1
);


--
-- Name: auth_user_user_permissions; Type: TABLE; Schema: public; Owner: user
--

CREATE TABLE public.auth_user_user_permissions (
    id bigint NOT NULL,
    user_id integer NOT NULL,
    permission_id integer NOT NULL
);


ALTER TABLE public.auth_user_user_permissions OWNER TO "user";

--
-- Name: auth_user_user_permissions_id_seq; Type: SEQUENCE; Schema: public; Owner: user
--

ALTER TABLE public.auth_user_user_permissions ALTER COLUMN id ADD GENERATED BY DEFAULT AS IDENTITY (
    SEQUENCE NAME public.auth_user_user_permissions_id_seq
    START WITH 1
    INCREMENT BY 1
    NO MINVALUE
    NO MAXVALUE
    CACHE 1
);


--
-- Name: budgetwise_balance; Type: TABLE; Schema: public; Owner: user
--

CREATE TABLE public.budgetwise_balance (
    id bigint NOT NULL,
    amount numeric(12,2) NOT NULL,
    user_id integer NOT NULL
);


ALTER TABLE public.budgetwise_balance OWNER TO "user";

--
-- Name: budgetwise_balance_id_seq; Type: SEQUENCE; Schema: public; Owner: user
--

ALTER TABLE public.budgetwise_balance ALTER COLUMN id ADD GENERATED BY DEFAULT AS IDENTITY (
    SEQUENCE NAME public.budgetwise_balance_id_seq
    START WITH 1
    INCREMENT BY 1
    NO MINVALUE
    NO MAXVALUE
    CACHE 1
);


--
-- Name: budgetwise_category; Type: TABLE; Schema: public; Owner: user
--

CREATE TABLE public.budgetwise_category (
    id bigint NOT NULL,
    name character varying(100) NOT NULL,
    description text NOT NULL,
    parent_id bigint
);


ALTER TABLE public.budgetwise_category OWNER TO "user";

--
-- Name: budgetwise_category_id_seq; Type: SEQUENCE; Schema: public; Owner: user
--

ALTER TABLE public.budgetwise_category ALTER COLUMN id ADD GENERATED BY DEFAULT AS IDENTITY (
    SEQUENCE NAME public.budgetwise_category_id_seq
    START WITH 1
    INCREMENT BY 1
    NO MINVALUE
    NO MAXVALUE
    CACHE 1
);


--
-- Name: budgetwise_operationtype; Type: TABLE; Schema: public; Owner: user
--

CREATE TABLE public.budgetwise_operationtype (
    id smallint NOT NULL,
    name character varying(50) NOT NULL,
    CONSTRAINT budgetwise_operationtype_id_check CHECK ((id >= 0))
);


ALTER TABLE public.budgetwise_operationtype OWNER TO "user";

--
-- Name: budgetwise_position; Type: TABLE; Schema: public; Owner: user
--

CREATE TABLE public.budgetwise_position (
    id bigint NOT NULL,
    name character varying(100) NOT NULL,
    quantity integer NOT NULL,
    price numeric(10,2) NOT NULL,
    sum numeric(12,2) NOT NULL,
    category_id bigint NOT NULL,
    transaction_id bigint NOT NULL,
    CONSTRAINT budgetwise_position_quantity_check CHECK ((quantity >= 0))
);


ALTER TABLE public.budgetwise_position OWNER TO "user";

--
-- Name: budgetwise_position_id_seq; Type: SEQUENCE; Schema: public; Owner: user
--

ALTER TABLE public.budgetwise_position ALTER COLUMN id ADD GENERATED BY DEFAULT AS IDENTITY (
    SEQUENCE NAME public.budgetwise_position_id_seq
    START WITH 1
    INCREMENT BY 1
    NO MINVALUE
    NO MAXVALUE
    CACHE 1
);


--
-- Name: budgetwise_transaction; Type: TABLE; Schema: public; Owner: user
--

CREATE TABLE public.budgetwise_transaction (
    id bigint NOT NULL,
    date date NOT NULL,
    amount numeric(12,2) NOT NULL,
    type smallint NOT NULL,
    created_at timestamp with time zone NOT NULL,
    category_id bigint NOT NULL,
    user_id integer NOT NULL
);


ALTER TABLE public.budgetwise_transaction OWNER TO "user";

--
-- Name: budgetwise_transaction_id_seq; Type: SEQUENCE; Schema: public; Owner: user
--

ALTER TABLE public.budgetwise_transaction ALTER COLUMN id ADD GENERATED BY DEFAULT AS IDENTITY (
    SEQUENCE NAME public.budgetwise_transaction_id_seq
    START WITH 1
    INCREMENT BY 1
    NO MINVALUE
    NO MAXVALUE
    CACHE 1
);


--
-- Name: django_admin_log; Type: TABLE; Schema: public; Owner: user
--

CREATE TABLE public.django_admin_log (
    id integer NOT NULL,
    action_time timestamp with time zone NOT NULL,
    object_id text,
    object_repr character varying(200) NOT NULL,
    action_flag smallint NOT NULL,
    change_message text NOT NULL,
    content_type_id integer,
    user_id integer NOT NULL,
    CONSTRAINT django_admin_log_action_flag_check CHECK ((action_flag >= 0))
);


ALTER TABLE public.django_admin_log OWNER TO "user";

--
-- Name: django_admin_log_id_seq; Type: SEQUENCE; Schema: public; Owner: user
--

ALTER TABLE public.django_admin_log ALTER COLUMN id ADD GENERATED BY DEFAULT AS IDENTITY (
    SEQUENCE NAME public.django_admin_log_id_seq
    START WITH 1
    INCREMENT BY 1
    NO MINVALUE
    NO MAXVALUE
    CACHE 1
);


--
-- Name: django_content_type; Type: TABLE; Schema: public; Owner: user
--

CREATE TABLE public.django_content_type (
    id integer NOT NULL,
    app_label character varying(100) NOT NULL,
    model character varying(100) NOT NULL
);


ALTER TABLE public.django_content_type OWNER TO "user";

--
-- Name: django_content_type_id_seq; Type: SEQUENCE; Schema: public; Owner: user
--

ALTER TABLE public.django_content_type ALTER COLUMN id ADD GENERATED BY DEFAULT AS IDENTITY (
    SEQUENCE NAME public.django_content_type_id_seq
    START WITH 1
    INCREMENT BY 1
    NO MINVALUE
    NO MAXVALUE
    CACHE 1
);


--
-- Name: django_migrations; Type: TABLE; Schema: public; Owner: user
--

CREATE TABLE public.django_migrations (
    id bigint NOT NULL,
    app character varying(255) NOT NULL,
    name character varying(255) NOT NULL,
    applied timestamp with time zone NOT NULL
);


ALTER TABLE public.django_migrations OWNER TO "user";

--
-- Name: django_migrations_id_seq; Type: SEQUENCE; Schema: public; Owner: user
--

ALTER TABLE public.django_migrations ALTER COLUMN id ADD GENERATED BY DEFAULT AS IDENTITY (
    SEQUENCE NAME public.django_migrations_id_seq
    START WITH 1
    INCREMENT BY 1
    NO MINVALUE
    NO MAXVALUE
    CACHE 1
);


--
-- Name: django_session; Type: TABLE; Schema: public; Owner: user
--

CREATE TABLE public.django_session (
    session_key character varying(40) NOT NULL,
    session_data text NOT NULL,
    expire_date timestamp with time zone NOT NULL
);


ALTER TABLE public.django_session OWNER TO "user";

--
-- Name: token_blacklist_blacklistedtoken; Type: TABLE; Schema: public; Owner: user
--

CREATE TABLE public.token_blacklist_blacklistedtoken (
    id bigint NOT NULL,
    blacklisted_at timestamp with time zone NOT NULL,
    token_id bigint NOT NULL
);


ALTER TABLE public.token_blacklist_blacklistedtoken OWNER TO "user";

--
-- Name: token_blacklist_blacklistedtoken_id_seq; Type: SEQUENCE; Schema: public; Owner: user
--

ALTER TABLE public.token_blacklist_blacklistedtoken ALTER COLUMN id ADD GENERATED BY DEFAULT AS IDENTITY (
    SEQUENCE NAME public.token_blacklist_blacklistedtoken_id_seq
    START WITH 1
    INCREMENT BY 1
    NO MINVALUE
    NO MAXVALUE
    CACHE 1
);


--
-- Name: token_blacklist_outstandingtoken; Type: TABLE; Schema: public; Owner: user
--

CREATE TABLE public.token_blacklist_outstandingtoken (
    id bigint NOT NULL,
    token text NOT NULL,
    created_at timestamp with time zone,
    expires_at timestamp with time zone NOT NULL,
    user_id integer,
    jti character varying(255) NOT NULL
);


ALTER TABLE public.token_blacklist_outstandingtoken OWNER TO "user";

--
-- Name: token_blacklist_outstandingtoken_id_seq; Type: SEQUENCE; Schema: public; Owner: user
--

ALTER TABLE public.token_blacklist_outstandingtoken ALTER COLUMN id ADD GENERATED BY DEFAULT AS IDENTITY (
    SEQUENCE NAME public.token_blacklist_outstandingtoken_id_seq
    START WITH 1
    INCREMENT BY 1
    NO MINVALUE
    NO MAXVALUE
    CACHE 1
);


--
-- Data for Name: auth_group; Type: TABLE DATA; Schema: public; Owner: user
--

COPY public.auth_group (id, name) FROM stdin;
\.


--
-- Data for Name: auth_group_permissions; Type: TABLE DATA; Schema: public; Owner: user
--

COPY public.auth_group_permissions (id, group_id, permission_id) FROM stdin;
\.


--
-- Data for Name: auth_permission; Type: TABLE DATA; Schema: public; Owner: user
--

COPY public.auth_permission (id, name, content_type_id, codename) FROM stdin;
1	Can add log entry	1	add_logentry
2	Can change log entry	1	change_logentry
3	Can delete log entry	1	delete_logentry
4	Can view log entry	1	view_logentry
5	Can add permission	2	add_permission
6	Can change permission	2	change_permission
7	Can delete permission	2	delete_permission
8	Can view permission	2	view_permission
9	Can add group	3	add_group
10	Can change group	3	change_group
11	Can delete group	3	delete_group
12	Can view group	3	view_group
13	Can add user	4	add_user
14	Can change user	4	change_user
15	Can delete user	4	delete_user
16	Can view user	4	view_user
17	Can add content type	5	add_contenttype
18	Can change content type	5	change_contenttype
19	Can delete content type	5	delete_contenttype
20	Can view content type	5	view_contenttype
21	Can add session	6	add_session
22	Can change session	6	change_session
23	Can delete session	6	delete_session
24	Can view session	6	view_session
25	Can add blacklisted token	7	add_blacklistedtoken
26	Can change blacklisted token	7	change_blacklistedtoken
27	Can delete blacklisted token	7	delete_blacklistedtoken
28	Can view blacklisted token	7	view_blacklistedtoken
29	Can add outstanding token	8	add_outstandingtoken
30	Can change outstanding token	8	change_outstandingtoken
31	Can delete outstanding token	8	delete_outstandingtoken
32	Can view outstanding token	8	view_outstandingtoken
33	Can add Категория	9	add_category
34	Can change Категория	9	change_category
35	Can delete Категория	9	delete_category
36	Can view Категория	9	view_category
37	Can add Тип операции	10	add_operationtype
38	Can change Тип операции	10	change_operationtype
39	Can delete Тип операции	10	delete_operationtype
40	Can view Тип операции	10	view_operationtype
41	Can add transaction	11	add_transaction
42	Can change transaction	11	change_transaction
43	Can delete transaction	11	delete_transaction
44	Can view transaction	11	view_transaction
45	Can add position	12	add_position
46	Can change position	12	change_position
47	Can delete position	12	delete_position
48	Can view position	12	view_position
49	Can add balance	13	add_balance
50	Can change balance	13	change_balance
51	Can delete balance	13	delete_balance
52	Can view balance	13	view_balance
\.


--
-- Data for Name: auth_user; Type: TABLE DATA; Schema: public; Owner: user
--

COPY public.auth_user (id, password, last_login, is_superuser, username, first_name, last_name, email, is_staff, is_active, date_joined) FROM stdin;
1	pbkdf2_sha256$1000000$0j5FNCPSRyDnD0ePr1r0DS$OCf7zXHxg7rwLrvR0KdrErC0yDld2iNGIemtdRgKCWU=	\N	t	admin			admin@mail.ru	t	t	2025-07-14 12:03:23.65708+00
2	pbkdf2_sha256$1000000$xUOmCKd3PBNyDW3EHsfEdj$l83+RFQGLoC/UXDmEsf6czfnv76YRC884vV1wS1iWys=	\N	f	user@mail.ru			user@mail.ru	f	t	2025-07-14 12:03:48.882133+00
\.


--
-- Data for Name: auth_user_groups; Type: TABLE DATA; Schema: public; Owner: user
--

COPY public.auth_user_groups (id, user_id, group_id) FROM stdin;
\.


--
-- Data for Name: auth_user_user_permissions; Type: TABLE DATA; Schema: public; Owner: user
--

COPY public.auth_user_user_permissions (id, user_id, permission_id) FROM stdin;
\.


--
-- Data for Name: budgetwise_balance; Type: TABLE DATA; Schema: public; Owner: user
--

COPY public.budgetwise_balance (id, amount, user_id) FROM stdin;
1	82.23	1
2	75000.00	2
\.


--
-- Data for Name: budgetwise_category; Type: TABLE DATA; Schema: public; Owner: user
--

COPY public.budgetwise_category (id, name, description, parent_id) FROM stdin;
1	Без категории	Автоматически созданная категория	\N
2	Обязательные расходы	Коммунальные платежи – это платежи предприятий, организаций и отдельных лиц за содержание и обслуживание жилья.\nПлата за квартиру, телефон, электроэнергию, водоснабжение и т. д.\nОбразовательные платежи: содержание детей в детских садах, обучение в музыкальной школе, плата за высшее обучение и т. д.\nВыплата кредитов, процентов по ссудам и т. д.	\N
3	Расходы на питание	Приобретение продуктов в магазинах и на рынке, заготовка продуктов впрок.\nОплата питания в кафе, ресторанах, столовых.	\N
4	Расходы на хозяйственно-бытовые нужды	Затраты на ремонт одежды, обуви, бытовой техники, квартиры, теле-радиоаппаратуры, химчистку, прачечную.\nПокупка предметов личной гигиены.	\N
5	Расходы на предметы личного пользования	Верхняя одежда, белье, обувь, постельные принадлежности.	\N
6	Расходы на предметы быта	Мебель, светильники, ковровые изделия, картины, часы, хрусталь и т. д.	\N
7	Прочее		\N
\.


--
-- Data for Name: budgetwise_operationtype; Type: TABLE DATA; Schema: public; Owner: user
--

COPY public.budgetwise_operationtype (id, name) FROM stdin;
0	Доход
1	Расход
\.


--
-- Data for Name: budgetwise_position; Type: TABLE DATA; Schema: public; Owner: user
--

COPY public.budgetwise_position (id, name, quantity, price, sum, category_id, transaction_id) FROM stdin;
1	Квартира	1	25000.00	25000.00	2	2
2	ЖКХ	1	5000.00	5000.00	2	2
3	Шоколадный батончик	2	89.99	179.98	3	3
4	Бананы	1	159.99	159.99	3	3
5	Сыр	1	259.99	259.99	3	3
6	Яйца куриные 10 шт	1	119.99	119.99	3	3
7	Кетчуп	1	129.99	129.99	3	3
8	Творог	4	119.99	479.96	3	3
9	Пирожное молочное	5	59.99	299.95	3	3
10	Молоко	1	159.99	159.99	3	3
11	Гречка	1	99.99	99.99	3	3
12	Шампунь	1	999.99	999.99	4	4
13	Гель для душа	1	999.99	999.99	4	4
14	Дезодорант	1	536.99	536.99	4	4
15	Кроссовки	1	11000.99	11000.99	5	5
16	Футболка	1	5999.99	5999.99	5	5
18	На ход ноги	1	3500.00	3500.00	7	7
19	Светильник	1	19990.99	19990.99	6	6
20	Телефон	1	110000.00	110000.00	5	9
21	Квартира	1	35000.00	35000.00	2	10
22	ЖКХ	1	5000.00	5000.00	2	10
\.


--
-- Data for Name: budgetwise_transaction; Type: TABLE DATA; Schema: public; Owner: user
--

COPY public.budgetwise_transaction (id, date, amount, type, created_at, category_id, user_id) FROM stdin;
1	2025-07-11	75000.00	0	2025-07-15 05:05:27.348823+00	7	1
2	2025-07-11	30000.00	1	2025-07-15 05:06:24.863802+00	2	1
3	2025-07-12	1889.83	1	2025-07-15 05:26:05.873138+00	3	1
4	2025-07-12	2536.97	1	2025-07-15 05:48:09.972453+00	4	1
5	2025-07-13	16999.98	1	2025-07-15 05:53:45.578691+00	5	1
6	2025-07-14	19990.99	1	2025-07-15 05:58:27.808783+00	6	1
7	2025-07-14	3500.00	1	2025-07-15 06:02:53.870669+00	7	1
8	2025-07-14	175000.00	0	2025-07-15 06:10:36.595933+00	7	2
9	2025-07-14	110000.00	1	2025-07-15 06:20:52.392317+00	5	2
10	2025-07-14	40000.00	1	2025-07-15 06:25:50.599383+00	2	2
11	2025-07-14	50000.00	0	2025-07-15 06:27:39.468204+00	7	2
\.


--
-- Data for Name: django_admin_log; Type: TABLE DATA; Schema: public; Owner: user
--

COPY public.django_admin_log (id, action_time, object_id, object_repr, action_flag, change_message, content_type_id, user_id) FROM stdin;
\.


--
-- Data for Name: django_content_type; Type: TABLE DATA; Schema: public; Owner: user
--

COPY public.django_content_type (id, app_label, model) FROM stdin;
1	admin	logentry
2	auth	permission
3	auth	group
4	auth	user
5	contenttypes	contenttype
6	sessions	session
7	token_blacklist	blacklistedtoken
8	token_blacklist	outstandingtoken
9	budgetwise	category
10	budgetwise	operationtype
11	budgetwise	transaction
12	budgetwise	position
13	budgetwise	balance
\.


--
-- Data for Name: django_migrations; Type: TABLE DATA; Schema: public; Owner: user
--

COPY public.django_migrations (id, app, name, applied) FROM stdin;
1	contenttypes	0001_initial	2025-07-14 12:03:23.184052+00
2	auth	0001_initial	2025-07-14 12:03:23.361315+00
3	admin	0001_initial	2025-07-14 12:03:23.401222+00
4	admin	0002_logentry_remove_auto_add	2025-07-14 12:03:23.409105+00
5	admin	0003_logentry_add_action_flag_choices	2025-07-14 12:03:23.417017+00
6	contenttypes	0002_remove_content_type_name	2025-07-14 12:03:23.433616+00
7	auth	0002_alter_permission_name_max_length	2025-07-14 12:03:23.442507+00
8	auth	0003_alter_user_email_max_length	2025-07-14 12:03:23.452072+00
9	auth	0004_alter_user_username_opts	2025-07-14 12:03:23.460472+00
10	auth	0005_alter_user_last_login_null	2025-07-14 12:03:23.471401+00
11	auth	0006_require_contenttypes_0002	2025-07-14 12:03:23.475572+00
12	auth	0007_alter_validators_add_error_messages	2025-07-14 12:03:23.485277+00
13	auth	0008_alter_user_username_max_length	2025-07-14 12:03:23.501552+00
14	auth	0009_alter_user_last_name_max_length	2025-07-14 12:03:23.509909+00
15	auth	0010_alter_group_name_max_length	2025-07-14 12:03:23.520721+00
16	auth	0011_update_proxy_permissions	2025-07-14 12:03:23.52814+00
17	auth	0012_alter_user_first_name_max_length	2025-07-14 12:03:23.536846+00
18	budgetwise	0001_initial	2025-07-14 12:03:23.966016+00
19	sessions	0001_initial	2025-07-14 12:03:24.013369+00
20	token_blacklist	0001_initial	2025-07-14 12:03:24.086527+00
21	token_blacklist	0002_outstandingtoken_jti_hex	2025-07-14 12:03:24.097563+00
22	token_blacklist	0003_auto_20171017_2007	2025-07-14 12:03:24.110938+00
23	token_blacklist	0004_auto_20171017_2013	2025-07-14 12:03:24.133392+00
24	token_blacklist	0005_remove_outstandingtoken_jti	2025-07-14 12:03:24.145003+00
25	token_blacklist	0006_auto_20171017_2113	2025-07-14 12:03:24.155158+00
26	token_blacklist	0007_auto_20171017_2214	2025-07-14 12:03:24.183858+00
27	token_blacklist	0008_migrate_to_bigautofield	2025-07-14 12:03:24.266973+00
28	token_blacklist	0010_fix_migrate_to_bigautofield	2025-07-14 12:03:24.282537+00
29	token_blacklist	0011_linearizes_history	2025-07-14 12:03:24.286884+00
30	token_blacklist	0012_alter_outstandingtoken_user	2025-07-14 12:03:24.298002+00
\.


--
-- Data for Name: django_session; Type: TABLE DATA; Schema: public; Owner: user
--

COPY public.django_session (session_key, session_data, expire_date) FROM stdin;
\.


--
-- Data for Name: token_blacklist_blacklistedtoken; Type: TABLE DATA; Schema: public; Owner: user
--

COPY public.token_blacklist_blacklistedtoken (id, blacklisted_at, token_id) FROM stdin;
1	2025-07-15 06:07:00.128585+00	8
\.


--
-- Data for Name: token_blacklist_outstandingtoken; Type: TABLE DATA; Schema: public; Owner: user
--

COPY public.token_blacklist_outstandingtoken (id, token, created_at, expires_at, user_id, jti) FROM stdin;
1	eyJhbGciOiJIUzI1NiIsInR5cCI6IkpXVCJ9.eyJ0b2tlbl90eXBlIjoicmVmcmVzaCIsImV4cCI6MTc1MjU1ODU0NiwiaWF0IjoxNzUyNTU0OTQ2LCJqdGkiOiIwMDQzMmVlNjYxOGI0YjUwYmU4MThkZGRmNzk2MzRmNSIsInVzZXJfaWQiOjF9.nr_f3g3ydgq7GWtlV0aZzW0WWiYaR7b5m4GQSA35RPQ	2025-07-15 04:49:06.15917+00	2025-07-15 05:49:06+00	1	00432ee6618b4b50be818dddf79634f5
2	eyJhbGciOiJIUzI1NiIsInR5cCI6IkpXVCJ9.eyJ0b2tlbl90eXBlIjoicmVmcmVzaCIsImV4cCI6MTc1MjU1OTUxNywiaWF0IjoxNzUyNTU1OTE3LCJqdGkiOiJhNjE5ODJiY2U4NzQ0YWFmOWM4NzhmMjdkNWQwMThjMCIsInVzZXJfaWQiOjF9.vjlQprwEzfh44hFG75D4Vc64YiGdPdBmOoA1ar3Btcs	2025-07-15 05:05:17.08749+00	2025-07-15 06:05:17+00	1	a61982bce8744aaf9c878f27d5d018c0
3	eyJhbGciOiJIUzI1NiIsInR5cCI6IkpXVCJ9.eyJ0b2tlbl90eXBlIjoicmVmcmVzaCIsImV4cCI6MTc1MjU1OTc2NSwiaWF0IjoxNzUyNTU2MTY1LCJqdGkiOiI4NzlmZmE4ZjgxYTM0OTIyYTMzNWViMTA4MzcyZTQ0MCIsInVzZXJfaWQiOjF9.LW5zaZpTXlbLctQKsW9GRv2qwV8X_BpRHuxTSlH3N7E	2025-07-15 05:09:25.197038+00	2025-07-15 06:09:25+00	1	879ffa8f81a34922a335eb108372e440
4	eyJhbGciOiJIUzI1NiIsInR5cCI6IkpXVCJ9.eyJ0b2tlbl90eXBlIjoicmVmcmVzaCIsImV4cCI6MTc1MjU2MDUwNCwiaWF0IjoxNzUyNTU2OTA0LCJqdGkiOiJlMjM3YTQwZTYxMDY0ZDJmOWVhNWYxZGY2NTJjOGYxZiIsInVzZXJfaWQiOjF9.whE69IcdJy1fUbPhpmskEW2fVDnSVtry5cPWVTXOQIA	2025-07-15 05:21:44.610399+00	2025-07-15 06:21:44+00	1	e237a40e61064d2f9ea5f1df652c8f1f
5	eyJhbGciOiJIUzI1NiIsInR5cCI6IkpXVCJ9.eyJ0b2tlbl90eXBlIjoicmVmcmVzaCIsImV4cCI6MTc1MjU2MTE1NSwiaWF0IjoxNzUyNTU3NTU1LCJqdGkiOiI3MmJlMGIxMzYzNzM0YTg3YTNkZWZkNGI0ZTM0NTcwYyIsInVzZXJfaWQiOjF9.kX_8gOAmjlfwXlyZ-eTRaOvHeplPo2fV3r0OAy_khBM	2025-07-15 05:32:35.597281+00	2025-07-15 06:32:35+00	1	72be0b1363734a87a3defd4b4e34570c
6	eyJhbGciOiJIUzI1NiIsInR5cCI6IkpXVCJ9.eyJ0b2tlbl90eXBlIjoicmVmcmVzaCIsImV4cCI6MTc1MjU2MTg2NCwiaWF0IjoxNzUyNTU4MjY0LCJqdGkiOiJkZDA2ZjU5ZTUyMzc0YjQwYTQ2NWZjMjgyNzUyNzg3NSIsInVzZXJfaWQiOjF9.--c_3FwJUwplFPLZn84QtN2yU_irpswAEQLKjQbWaRw	2025-07-15 05:44:24.396849+00	2025-07-15 06:44:24+00	1	dd06f59e52374b40a465fc2827527875
7	eyJhbGciOiJIUzI1NiIsInR5cCI6IkpXVCJ9.eyJ0b2tlbl90eXBlIjoicmVmcmVzaCIsImV4cCI6MTc1MjU2MjUxMywiaWF0IjoxNzUyNTU4OTEzLCJqdGkiOiIxZWQ3MTA1NjVlMjE0MTBhOTQ0ZTllMDIxYmUzNzM4YiIsInVzZXJfaWQiOjF9.bV3-e6beJ6lobhJb8goZjrpYZadS22-1A0YXN48j3Jw	2025-07-15 05:55:13.869412+00	2025-07-15 06:55:13+00	1	1ed710565e21410a944e9e021be3738b
8	eyJhbGciOiJIUzI1NiIsInR5cCI6IkpXVCJ9.eyJ0b2tlbl90eXBlIjoicmVmcmVzaCIsImV4cCI6MTc1MjU2MzE1MiwiaWF0IjoxNzUyNTU5NTUyLCJqdGkiOiJlNzljODk2YzE0ZmU0Nzg1YmY5YmQ4M2FhMGQ0MzI5ZiIsInVzZXJfaWQiOjF9.kk5_bvrn2WB0n-_hG-pECvMEqCLwDYnYVz-LiPdWHGk	2025-07-15 06:05:52.284867+00	2025-07-15 07:05:52+00	1	e79c896c14fe4785bf9bd83aa0d4329f
9	eyJhbGciOiJIUzI1NiIsInR5cCI6IkpXVCJ9.eyJ0b2tlbl90eXBlIjoicmVmcmVzaCIsImV4cCI6MTc1MjU2MzI1MiwiaWF0IjoxNzUyNTU5NjUyLCJqdGkiOiJkZDI4NjBjMzE2MjM0ODdkYjFiZjZkMzA4YTUxODJkZCIsInVzZXJfaWQiOjJ9.VwnNKboRb07xty10a5Lr-DHJ_gQ2PpNfg23Xlgj-19E	2025-07-15 06:07:32.491372+00	2025-07-15 07:07:32+00	2	dd2860c31623487db1bf6d308a5182dd
10	eyJhbGciOiJIUzI1NiIsInR5cCI6IkpXVCJ9.eyJ0b2tlbl90eXBlIjoicmVmcmVzaCIsImV4cCI6MTc1MjU2NDAzMiwiaWF0IjoxNzUyNTYwNDMyLCJqdGkiOiJiMzQ5ZDNhM2E0ZmM0OGVlOWFmZjQ5YjExYjhhNzk1MSIsInVzZXJfaWQiOjJ9.BZcZ19iDx69qVASw2PgEFsTd-DpTVwzEHaTIjgL6qlI	2025-07-15 06:20:32.925873+00	2025-07-15 07:20:32+00	2	b349d3a3a4fc48ee9aff49b11b8a7951
\.


--
-- Name: auth_group_id_seq; Type: SEQUENCE SET; Schema: public; Owner: user
--

SELECT pg_catalog.setval('public.auth_group_id_seq', 1, false);


--
-- Name: auth_group_permissions_id_seq; Type: SEQUENCE SET; Schema: public; Owner: user
--

SELECT pg_catalog.setval('public.auth_group_permissions_id_seq', 1, false);


--
-- Name: auth_permission_id_seq; Type: SEQUENCE SET; Schema: public; Owner: user
--

SELECT pg_catalog.setval('public.auth_permission_id_seq', 52, true);


--
-- Name: auth_user_groups_id_seq; Type: SEQUENCE SET; Schema: public; Owner: user
--

SELECT pg_catalog.setval('public.auth_user_groups_id_seq', 1, false);


--
-- Name: auth_user_id_seq; Type: SEQUENCE SET; Schema: public; Owner: user
--

SELECT pg_catalog.setval('public.auth_user_id_seq', 2, true);


--
-- Name: auth_user_user_permissions_id_seq; Type: SEQUENCE SET; Schema: public; Owner: user
--

SELECT pg_catalog.setval('public.auth_user_user_permissions_id_seq', 1, false);


--
-- Name: budgetwise_balance_id_seq; Type: SEQUENCE SET; Schema: public; Owner: user
--

SELECT pg_catalog.setval('public.budgetwise_balance_id_seq', 2, true);


--
-- Name: budgetwise_category_id_seq; Type: SEQUENCE SET; Schema: public; Owner: user
--

SELECT pg_catalog.setval('public.budgetwise_category_id_seq', 7, true);


--
-- Name: budgetwise_position_id_seq; Type: SEQUENCE SET; Schema: public; Owner: user
--

SELECT pg_catalog.setval('public.budgetwise_position_id_seq', 22, true);


--
-- Name: budgetwise_transaction_id_seq; Type: SEQUENCE SET; Schema: public; Owner: user
--

SELECT pg_catalog.setval('public.budgetwise_transaction_id_seq', 11, true);


--
-- Name: django_admin_log_id_seq; Type: SEQUENCE SET; Schema: public; Owner: user
--

SELECT pg_catalog.setval('public.django_admin_log_id_seq', 1, false);


--
-- Name: django_content_type_id_seq; Type: SEQUENCE SET; Schema: public; Owner: user
--

SELECT pg_catalog.setval('public.django_content_type_id_seq', 13, true);


--
-- Name: django_migrations_id_seq; Type: SEQUENCE SET; Schema: public; Owner: user
--

SELECT pg_catalog.setval('public.django_migrations_id_seq', 30, true);


--
-- Name: token_blacklist_blacklistedtoken_id_seq; Type: SEQUENCE SET; Schema: public; Owner: user
--

SELECT pg_catalog.setval('public.token_blacklist_blacklistedtoken_id_seq', 1, true);


--
-- Name: token_blacklist_outstandingtoken_id_seq; Type: SEQUENCE SET; Schema: public; Owner: user
--

SELECT pg_catalog.setval('public.token_blacklist_outstandingtoken_id_seq', 10, true);


--
-- Name: auth_group auth_group_name_key; Type: CONSTRAINT; Schema: public; Owner: user
--

ALTER TABLE ONLY public.auth_group
    ADD CONSTRAINT auth_group_name_key UNIQUE (name);


--
-- Name: auth_group_permissions auth_group_permissions_group_id_permission_id_0cd325b0_uniq; Type: CONSTRAINT; Schema: public; Owner: user
--

ALTER TABLE ONLY public.auth_group_permissions
    ADD CONSTRAINT auth_group_permissions_group_id_permission_id_0cd325b0_uniq UNIQUE (group_id, permission_id);


--
-- Name: auth_group_permissions auth_group_permissions_pkey; Type: CONSTRAINT; Schema: public; Owner: user
--

ALTER TABLE ONLY public.auth_group_permissions
    ADD CONSTRAINT auth_group_permissions_pkey PRIMARY KEY (id);


--
-- Name: auth_group auth_group_pkey; Type: CONSTRAINT; Schema: public; Owner: user
--

ALTER TABLE ONLY public.auth_group
    ADD CONSTRAINT auth_group_pkey PRIMARY KEY (id);


--
-- Name: auth_permission auth_permission_content_type_id_codename_01ab375a_uniq; Type: CONSTRAINT; Schema: public; Owner: user
--

ALTER TABLE ONLY public.auth_permission
    ADD CONSTRAINT auth_permission_content_type_id_codename_01ab375a_uniq UNIQUE (content_type_id, codename);


--
-- Name: auth_permission auth_permission_pkey; Type: CONSTRAINT; Schema: public; Owner: user
--

ALTER TABLE ONLY public.auth_permission
    ADD CONSTRAINT auth_permission_pkey PRIMARY KEY (id);


--
-- Name: auth_user_groups auth_user_groups_pkey; Type: CONSTRAINT; Schema: public; Owner: user
--

ALTER TABLE ONLY public.auth_user_groups
    ADD CONSTRAINT auth_user_groups_pkey PRIMARY KEY (id);


--
-- Name: auth_user_groups auth_user_groups_user_id_group_id_94350c0c_uniq; Type: CONSTRAINT; Schema: public; Owner: user
--

ALTER TABLE ONLY public.auth_user_groups
    ADD CONSTRAINT auth_user_groups_user_id_group_id_94350c0c_uniq UNIQUE (user_id, group_id);


--
-- Name: auth_user auth_user_pkey; Type: CONSTRAINT; Schema: public; Owner: user
--

ALTER TABLE ONLY public.auth_user
    ADD CONSTRAINT auth_user_pkey PRIMARY KEY (id);


--
-- Name: auth_user_user_permissions auth_user_user_permissions_pkey; Type: CONSTRAINT; Schema: public; Owner: user
--

ALTER TABLE ONLY public.auth_user_user_permissions
    ADD CONSTRAINT auth_user_user_permissions_pkey PRIMARY KEY (id);


--
-- Name: auth_user_user_permissions auth_user_user_permissions_user_id_permission_id_14a6b632_uniq; Type: CONSTRAINT; Schema: public; Owner: user
--

ALTER TABLE ONLY public.auth_user_user_permissions
    ADD CONSTRAINT auth_user_user_permissions_user_id_permission_id_14a6b632_uniq UNIQUE (user_id, permission_id);


--
-- Name: auth_user auth_user_username_key; Type: CONSTRAINT; Schema: public; Owner: user
--

ALTER TABLE ONLY public.auth_user
    ADD CONSTRAINT auth_user_username_key UNIQUE (username);


--
-- Name: budgetwise_balance budgetwise_balance_pkey; Type: CONSTRAINT; Schema: public; Owner: user
--

ALTER TABLE ONLY public.budgetwise_balance
    ADD CONSTRAINT budgetwise_balance_pkey PRIMARY KEY (id);


--
-- Name: budgetwise_balance budgetwise_balance_user_id_key; Type: CONSTRAINT; Schema: public; Owner: user
--

ALTER TABLE ONLY public.budgetwise_balance
    ADD CONSTRAINT budgetwise_balance_user_id_key UNIQUE (user_id);


--
-- Name: budgetwise_category budgetwise_category_name_key; Type: CONSTRAINT; Schema: public; Owner: user
--

ALTER TABLE ONLY public.budgetwise_category
    ADD CONSTRAINT budgetwise_category_name_key UNIQUE (name);


--
-- Name: budgetwise_category budgetwise_category_pkey; Type: CONSTRAINT; Schema: public; Owner: user
--

ALTER TABLE ONLY public.budgetwise_category
    ADD CONSTRAINT budgetwise_category_pkey PRIMARY KEY (id);


--
-- Name: budgetwise_operationtype budgetwise_operationtype_name_key; Type: CONSTRAINT; Schema: public; Owner: user
--

ALTER TABLE ONLY public.budgetwise_operationtype
    ADD CONSTRAINT budgetwise_operationtype_name_key UNIQUE (name);


--
-- Name: budgetwise_operationtype budgetwise_operationtype_pkey; Type: CONSTRAINT; Schema: public; Owner: user
--

ALTER TABLE ONLY public.budgetwise_operationtype
    ADD CONSTRAINT budgetwise_operationtype_pkey PRIMARY KEY (id);


--
-- Name: budgetwise_position budgetwise_position_pkey; Type: CONSTRAINT; Schema: public; Owner: user
--

ALTER TABLE ONLY public.budgetwise_position
    ADD CONSTRAINT budgetwise_position_pkey PRIMARY KEY (id);


--
-- Name: budgetwise_transaction budgetwise_transaction_pkey; Type: CONSTRAINT; Schema: public; Owner: user
--

ALTER TABLE ONLY public.budgetwise_transaction
    ADD CONSTRAINT budgetwise_transaction_pkey PRIMARY KEY (id);


--
-- Name: django_admin_log django_admin_log_pkey; Type: CONSTRAINT; Schema: public; Owner: user
--

ALTER TABLE ONLY public.django_admin_log
    ADD CONSTRAINT django_admin_log_pkey PRIMARY KEY (id);


--
-- Name: django_content_type django_content_type_app_label_model_76bd3d3b_uniq; Type: CONSTRAINT; Schema: public; Owner: user
--

ALTER TABLE ONLY public.django_content_type
    ADD CONSTRAINT django_content_type_app_label_model_76bd3d3b_uniq UNIQUE (app_label, model);


--
-- Name: django_content_type django_content_type_pkey; Type: CONSTRAINT; Schema: public; Owner: user
--

ALTER TABLE ONLY public.django_content_type
    ADD CONSTRAINT django_content_type_pkey PRIMARY KEY (id);


--
-- Name: django_migrations django_migrations_pkey; Type: CONSTRAINT; Schema: public; Owner: user
--

ALTER TABLE ONLY public.django_migrations
    ADD CONSTRAINT django_migrations_pkey PRIMARY KEY (id);


--
-- Name: django_session django_session_pkey; Type: CONSTRAINT; Schema: public; Owner: user
--

ALTER TABLE ONLY public.django_session
    ADD CONSTRAINT django_session_pkey PRIMARY KEY (session_key);


--
-- Name: token_blacklist_blacklistedtoken token_blacklist_blacklistedtoken_pkey; Type: CONSTRAINT; Schema: public; Owner: user
--

ALTER TABLE ONLY public.token_blacklist_blacklistedtoken
    ADD CONSTRAINT token_blacklist_blacklistedtoken_pkey PRIMARY KEY (id);


--
-- Name: token_blacklist_blacklistedtoken token_blacklist_blacklistedtoken_token_id_key; Type: CONSTRAINT; Schema: public; Owner: user
--

ALTER TABLE ONLY public.token_blacklist_blacklistedtoken
    ADD CONSTRAINT token_blacklist_blacklistedtoken_token_id_key UNIQUE (token_id);


--
-- Name: token_blacklist_outstandingtoken token_blacklist_outstandingtoken_jti_hex_d9bdf6f7_uniq; Type: CONSTRAINT; Schema: public; Owner: user
--

ALTER TABLE ONLY public.token_blacklist_outstandingtoken
    ADD CONSTRAINT token_blacklist_outstandingtoken_jti_hex_d9bdf6f7_uniq UNIQUE (jti);


--
-- Name: token_blacklist_outstandingtoken token_blacklist_outstandingtoken_pkey; Type: CONSTRAINT; Schema: public; Owner: user
--

ALTER TABLE ONLY public.token_blacklist_outstandingtoken
    ADD CONSTRAINT token_blacklist_outstandingtoken_pkey PRIMARY KEY (id);


--
-- Name: auth_group_name_a6ea08ec_like; Type: INDEX; Schema: public; Owner: user
--

CREATE INDEX auth_group_name_a6ea08ec_like ON public.auth_group USING btree (name varchar_pattern_ops);


--
-- Name: auth_group_permissions_group_id_b120cbf9; Type: INDEX; Schema: public; Owner: user
--

CREATE INDEX auth_group_permissions_group_id_b120cbf9 ON public.auth_group_permissions USING btree (group_id);


--
-- Name: auth_group_permissions_permission_id_84c5c92e; Type: INDEX; Schema: public; Owner: user
--

CREATE INDEX auth_group_permissions_permission_id_84c5c92e ON public.auth_group_permissions USING btree (permission_id);


--
-- Name: auth_permission_content_type_id_2f476e4b; Type: INDEX; Schema: public; Owner: user
--

CREATE INDEX auth_permission_content_type_id_2f476e4b ON public.auth_permission USING btree (content_type_id);


--
-- Name: auth_user_groups_group_id_97559544; Type: INDEX; Schema: public; Owner: user
--

CREATE INDEX auth_user_groups_group_id_97559544 ON public.auth_user_groups USING btree (group_id);


--
-- Name: auth_user_groups_user_id_6a12ed8b; Type: INDEX; Schema: public; Owner: user
--

CREATE INDEX auth_user_groups_user_id_6a12ed8b ON public.auth_user_groups USING btree (user_id);


--
-- Name: auth_user_user_permissions_permission_id_1fbb5f2c; Type: INDEX; Schema: public; Owner: user
--

CREATE INDEX auth_user_user_permissions_permission_id_1fbb5f2c ON public.auth_user_user_permissions USING btree (permission_id);


--
-- Name: auth_user_user_permissions_user_id_a95ead1b; Type: INDEX; Schema: public; Owner: user
--

CREATE INDEX auth_user_user_permissions_user_id_a95ead1b ON public.auth_user_user_permissions USING btree (user_id);


--
-- Name: auth_user_username_6821ab7c_like; Type: INDEX; Schema: public; Owner: user
--

CREATE INDEX auth_user_username_6821ab7c_like ON public.auth_user USING btree (username varchar_pattern_ops);


--
-- Name: budgetwise_category_name_9ad77184_like; Type: INDEX; Schema: public; Owner: user
--

CREATE INDEX budgetwise_category_name_9ad77184_like ON public.budgetwise_category USING btree (name varchar_pattern_ops);


--
-- Name: budgetwise_category_parent_id_d22ce067; Type: INDEX; Schema: public; Owner: user
--

CREATE INDEX budgetwise_category_parent_id_d22ce067 ON public.budgetwise_category USING btree (parent_id);


--
-- Name: budgetwise_operationtype_name_dc2a1685_like; Type: INDEX; Schema: public; Owner: user
--

CREATE INDEX budgetwise_operationtype_name_dc2a1685_like ON public.budgetwise_operationtype USING btree (name varchar_pattern_ops);


--
-- Name: budgetwise_position_category_id_5e7f31c7; Type: INDEX; Schema: public; Owner: user
--

CREATE INDEX budgetwise_position_category_id_5e7f31c7 ON public.budgetwise_position USING btree (category_id);


--
-- Name: budgetwise_position_transaction_id_df447fa0; Type: INDEX; Schema: public; Owner: user
--

CREATE INDEX budgetwise_position_transaction_id_df447fa0 ON public.budgetwise_position USING btree (transaction_id);


--
-- Name: budgetwise_transaction_category_id_68a03936; Type: INDEX; Schema: public; Owner: user
--

CREATE INDEX budgetwise_transaction_category_id_68a03936 ON public.budgetwise_transaction USING btree (category_id);


--
-- Name: budgetwise_transaction_type_d439d5d7; Type: INDEX; Schema: public; Owner: user
--

CREATE INDEX budgetwise_transaction_type_d439d5d7 ON public.budgetwise_transaction USING btree (type);


--
-- Name: budgetwise_transaction_user_id_9c9e084c; Type: INDEX; Schema: public; Owner: user
--

CREATE INDEX budgetwise_transaction_user_id_9c9e084c ON public.budgetwise_transaction USING btree (user_id);


--
-- Name: django_admin_log_content_type_id_c4bce8eb; Type: INDEX; Schema: public; Owner: user
--

CREATE INDEX django_admin_log_content_type_id_c4bce8eb ON public.django_admin_log USING btree (content_type_id);


--
-- Name: django_admin_log_user_id_c564eba6; Type: INDEX; Schema: public; Owner: user
--

CREATE INDEX django_admin_log_user_id_c564eba6 ON public.django_admin_log USING btree (user_id);


--
-- Name: django_session_expire_date_a5c62663; Type: INDEX; Schema: public; Owner: user
--

CREATE INDEX django_session_expire_date_a5c62663 ON public.django_session USING btree (expire_date);


--
-- Name: django_session_session_key_c0390e0f_like; Type: INDEX; Schema: public; Owner: user
--

CREATE INDEX django_session_session_key_c0390e0f_like ON public.django_session USING btree (session_key varchar_pattern_ops);


--
-- Name: token_blacklist_outstandingtoken_jti_hex_d9bdf6f7_like; Type: INDEX; Schema: public; Owner: user
--

CREATE INDEX token_blacklist_outstandingtoken_jti_hex_d9bdf6f7_like ON public.token_blacklist_outstandingtoken USING btree (jti varchar_pattern_ops);


--
-- Name: token_blacklist_outstandingtoken_user_id_83bc629a; Type: INDEX; Schema: public; Owner: user
--

CREATE INDEX token_blacklist_outstandingtoken_user_id_83bc629a ON public.token_blacklist_outstandingtoken USING btree (user_id);


--
-- Name: auth_group_permissions auth_group_permissio_permission_id_84c5c92e_fk_auth_perm; Type: FK CONSTRAINT; Schema: public; Owner: user
--

ALTER TABLE ONLY public.auth_group_permissions
    ADD CONSTRAINT auth_group_permissio_permission_id_84c5c92e_fk_auth_perm FOREIGN KEY (permission_id) REFERENCES public.auth_permission(id) DEFERRABLE INITIALLY DEFERRED;


--
-- Name: auth_group_permissions auth_group_permissions_group_id_b120cbf9_fk_auth_group_id; Type: FK CONSTRAINT; Schema: public; Owner: user
--

ALTER TABLE ONLY public.auth_group_permissions
    ADD CONSTRAINT auth_group_permissions_group_id_b120cbf9_fk_auth_group_id FOREIGN KEY (group_id) REFERENCES public.auth_group(id) DEFERRABLE INITIALLY DEFERRED;


--
-- Name: auth_permission auth_permission_content_type_id_2f476e4b_fk_django_co; Type: FK CONSTRAINT; Schema: public; Owner: user
--

ALTER TABLE ONLY public.auth_permission
    ADD CONSTRAINT auth_permission_content_type_id_2f476e4b_fk_django_co FOREIGN KEY (content_type_id) REFERENCES public.django_content_type(id) DEFERRABLE INITIALLY DEFERRED;


--
-- Name: auth_user_groups auth_user_groups_group_id_97559544_fk_auth_group_id; Type: FK CONSTRAINT; Schema: public; Owner: user
--

ALTER TABLE ONLY public.auth_user_groups
    ADD CONSTRAINT auth_user_groups_group_id_97559544_fk_auth_group_id FOREIGN KEY (group_id) REFERENCES public.auth_group(id) DEFERRABLE INITIALLY DEFERRED;


--
-- Name: auth_user_groups auth_user_groups_user_id_6a12ed8b_fk_auth_user_id; Type: FK CONSTRAINT; Schema: public; Owner: user
--

ALTER TABLE ONLY public.auth_user_groups
    ADD CONSTRAINT auth_user_groups_user_id_6a12ed8b_fk_auth_user_id FOREIGN KEY (user_id) REFERENCES public.auth_user(id) DEFERRABLE INITIALLY DEFERRED;


--
-- Name: auth_user_user_permissions auth_user_user_permi_permission_id_1fbb5f2c_fk_auth_perm; Type: FK CONSTRAINT; Schema: public; Owner: user
--

ALTER TABLE ONLY public.auth_user_user_permissions
    ADD CONSTRAINT auth_user_user_permi_permission_id_1fbb5f2c_fk_auth_perm FOREIGN KEY (permission_id) REFERENCES public.auth_permission(id) DEFERRABLE INITIALLY DEFERRED;


--
-- Name: auth_user_user_permissions auth_user_user_permissions_user_id_a95ead1b_fk_auth_user_id; Type: FK CONSTRAINT; Schema: public; Owner: user
--

ALTER TABLE ONLY public.auth_user_user_permissions
    ADD CONSTRAINT auth_user_user_permissions_user_id_a95ead1b_fk_auth_user_id FOREIGN KEY (user_id) REFERENCES public.auth_user(id) DEFERRABLE INITIALLY DEFERRED;


--
-- Name: budgetwise_balance budgetwise_balance_user_id_d75ff6e7_fk_auth_user_id; Type: FK CONSTRAINT; Schema: public; Owner: user
--

ALTER TABLE ONLY public.budgetwise_balance
    ADD CONSTRAINT budgetwise_balance_user_id_d75ff6e7_fk_auth_user_id FOREIGN KEY (user_id) REFERENCES public.auth_user(id) DEFERRABLE INITIALLY DEFERRED;


--
-- Name: budgetwise_category budgetwise_category_parent_id_d22ce067_fk_budgetwis; Type: FK CONSTRAINT; Schema: public; Owner: user
--

ALTER TABLE ONLY public.budgetwise_category
    ADD CONSTRAINT budgetwise_category_parent_id_d22ce067_fk_budgetwis FOREIGN KEY (parent_id) REFERENCES public.budgetwise_category(id) DEFERRABLE INITIALLY DEFERRED;


--
-- Name: budgetwise_position budgetwise_position_category_id_5e7f31c7_fk_budgetwis; Type: FK CONSTRAINT; Schema: public; Owner: user
--

ALTER TABLE ONLY public.budgetwise_position
    ADD CONSTRAINT budgetwise_position_category_id_5e7f31c7_fk_budgetwis FOREIGN KEY (category_id) REFERENCES public.budgetwise_category(id) DEFERRABLE INITIALLY DEFERRED;


--
-- Name: budgetwise_position budgetwise_position_transaction_id_df447fa0_fk_budgetwis; Type: FK CONSTRAINT; Schema: public; Owner: user
--

ALTER TABLE ONLY public.budgetwise_position
    ADD CONSTRAINT budgetwise_position_transaction_id_df447fa0_fk_budgetwis FOREIGN KEY (transaction_id) REFERENCES public.budgetwise_transaction(id) DEFERRABLE INITIALLY DEFERRED;


--
-- Name: budgetwise_transaction budgetwise_transacti_category_id_68a03936_fk_budgetwis; Type: FK CONSTRAINT; Schema: public; Owner: user
--

ALTER TABLE ONLY public.budgetwise_transaction
    ADD CONSTRAINT budgetwise_transacti_category_id_68a03936_fk_budgetwis FOREIGN KEY (category_id) REFERENCES public.budgetwise_category(id) DEFERRABLE INITIALLY DEFERRED;


--
-- Name: budgetwise_transaction budgetwise_transacti_type_d439d5d7_fk_budgetwis; Type: FK CONSTRAINT; Schema: public; Owner: user
--

ALTER TABLE ONLY public.budgetwise_transaction
    ADD CONSTRAINT budgetwise_transacti_type_d439d5d7_fk_budgetwis FOREIGN KEY (type) REFERENCES public.budgetwise_operationtype(id) DEFERRABLE INITIALLY DEFERRED;


--
-- Name: budgetwise_transaction budgetwise_transaction_user_id_9c9e084c_fk_auth_user_id; Type: FK CONSTRAINT; Schema: public; Owner: user
--

ALTER TABLE ONLY public.budgetwise_transaction
    ADD CONSTRAINT budgetwise_transaction_user_id_9c9e084c_fk_auth_user_id FOREIGN KEY (user_id) REFERENCES public.auth_user(id) DEFERRABLE INITIALLY DEFERRED;


--
-- Name: django_admin_log django_admin_log_content_type_id_c4bce8eb_fk_django_co; Type: FK CONSTRAINT; Schema: public; Owner: user
--

ALTER TABLE ONLY public.django_admin_log
    ADD CONSTRAINT django_admin_log_content_type_id_c4bce8eb_fk_django_co FOREIGN KEY (content_type_id) REFERENCES public.django_content_type(id) DEFERRABLE INITIALLY DEFERRED;


--
-- Name: django_admin_log django_admin_log_user_id_c564eba6_fk_auth_user_id; Type: FK CONSTRAINT; Schema: public; Owner: user
--

ALTER TABLE ONLY public.django_admin_log
    ADD CONSTRAINT django_admin_log_user_id_c564eba6_fk_auth_user_id FOREIGN KEY (user_id) REFERENCES public.auth_user(id) DEFERRABLE INITIALLY DEFERRED;


--
-- Name: token_blacklist_blacklistedtoken token_blacklist_blacklistedtoken_token_id_3cc7fe56_fk; Type: FK CONSTRAINT; Schema: public; Owner: user
--

ALTER TABLE ONLY public.token_blacklist_blacklistedtoken
    ADD CONSTRAINT token_blacklist_blacklistedtoken_token_id_3cc7fe56_fk FOREIGN KEY (token_id) REFERENCES public.token_blacklist_outstandingtoken(id) DEFERRABLE INITIALLY DEFERRED;


--
-- Name: token_blacklist_outstandingtoken token_blacklist_outs_user_id_83bc629a_fk_auth_user; Type: FK CONSTRAINT; Schema: public; Owner: user
--

ALTER TABLE ONLY public.token_blacklist_outstandingtoken
    ADD CONSTRAINT token_blacklist_outs_user_id_83bc629a_fk_auth_user FOREIGN KEY (user_id) REFERENCES public.auth_user(id) DEFERRABLE INITIALLY DEFERRED;


--
-- PostgreSQL database dump complete
--

